INSERT INTO gpconnect.appointment_schedules
  (id, practitionerId, identifier, typeCode, typeDescription, locationId, startDateTime, endDateTime, scheduleComment, lastUpdated)
VALUES 
(1, 2, 'Schedule001', '394802001', 'General medicine', 1, '2016-03-22 10:00:00', '2016-12-22 17:59:59', 'Schedule 1 for general appointments', '2016-07-25 12:00:00'),
(2, 1, 'Schedule002', '394814009', 'General practice', 1, '2016-06-24 09:00:00', '2017-06-22 09:00:00', 'Schedule 2 for general appointments', '2016-07-25 12:00:00'),
(3, 3, 'Schedule003', '394593009', 'Medical oncology', 2, '2013-12-22 11:46:22', '2040-12-22 11:46:22', 'Schedule 3 for general appointments', '2016-07-25 12:00:00'),
(4, 1, 'Schedule004', '394814009', 'General practice', 1, '2013-12-22 11:46:22', '2040-12-22 11:46:22', 'Schedule 4 for general appointments with practitioner Goff, Carolyn D. @ The Hepworth Surgery Main Building', '2016-07-25 12:00:00'),
(5, 2, 'Schedule005', '394814009', 'General practice', 1, '2013-12-22 10:46:22', '2040-12-22 10:46:22', 'Schedule 5 for general appointments with practitioner Cash, Claire F. @ The Hepworth Surgery Main Building', '2016-07-25 12:00:00'),
(6, 3, 'Schedule006', '394814009', 'General practice', 2, '2013-12-22 09:46:22', '2040-12-22 09:46:22', 'Schedule 6 for general appointments with practitioner Spencer, Hyacinth A. @ The Moore Surgery Main Building', '2016-07-25 12:00:00'),
(7, 4, 'Schedule007', '394814009', 'General practice', 3, '2013-12-22 09:46:22', '2040-12-22 09:46:22', 'Schedule 7 for general appointments with practitioner Bailey, Demetrius B. @ The Hockey Surgery Main Building', '2016-07-25 12:00:00'),
(8, 5, 'Schedule008', '394814009', 'General practice', 3, '2013-12-22 10:46:22', '2040-12-22 10:46:22', 'Schedule 8 for general appointments with practitioner Guthrie, Indigo D. @ The Hockey Surgery Main Building', '2016-07-25 12:00:00'),
(9, 6, 'Schedule009', '394814009', 'General practice', 4, '2013-12-22 09:46:22', '2040-12-22 09:46:22', 'Schedule 9 for general appointments with practitioner Hudson, Inez G. @ The Hockey Surgery Annex', '2016-07-25 12:00:00'),
(10, 7, 'Schedule010', '394814009', 'General practice', 4, '2013-12-22 10:46:22', '2040-12-22 10:46:22', 'Schedule 10 for general appointments with practitioner Joseph, May N. @ The Hockey Surgery Annex', '2016-07-25 12:00:00');

INSERT INTO gpconnect.appointment_slots
  (id, typeCode, typeDisplay, scheduleReference, freeBusyType, startDateTime, endDateTime, lastUpdated)
VALUES 
(1, 408443003, 'General medical practice', 2, 'FREE', '2016-06-29 09:00:00', '2016-06-29 09:59:59', '2016-07-25 12:00:00'),
(2, 408443003, 'General medical practice', 2, 'FREE', '2016-06-29 10:00:00', '2016-06-29 10:59:59', '2016-07-25 12:00:00'),
(3, 408443003, 'General medical practice', 2, 'FREE', '2016-06-29 11:00:00', '2016-06-29 11:59:59', '2016-07-25 12:00:00'),
(4, 408443003, 'General medical practice', 2, 'FREE', '2016-06-29 13:00:00', '2016-06-29 13:59:59', '2016-07-25 12:00:00'),
(5, 408443003, 'General medical practice', 2, 'FREE', '2016-06-29 14:00:00', '2016-06-29 14:59:59', '2016-07-25 12:00:00'),
(6, 408443003, 'General medical practice', 2, 'FREE', '2016-06-29 15:00:00', '2016-06-29 15:59:59', '2016-07-25 12:00:00'),
(7, 408443003, 'General medical practice', 2, 'FREE', '2016-06-29 16:00:00', '2016-06-29 16:59:59', '2016-07-25 12:00:00'),
(8, 394592004, 'Clinical oncology', 1, 'FREE', '2016-06-29 10:00:00', '2016-06-29 10:29:59', '2016-07-25 12:00:00'),
(9, 394592004, 'Clinical oncology', 1, 'FREE', '2016-06-29 10:30:00', '2016-06-29 10:59:59', '2016-07-25 12:00:00'),
(10, 394592004, 'Clinical oncology', 1, 'FREE', '2016-06-29 11:00:00', '2016-06-29 11:29:59', '2016-07-25 12:00:00'),
(11, 394592004, 'Clinical oncology', 1, 'FREE', '2016-06-29 11:30:00', '2016-06-29 11:59:59', '2016-07-25 12:00:00'),
(12, 394592004, 'Clinical oncology', 1, 'FREE', '2016-06-29 12:00:00', '2016-06-29 12:29:59', '2016-07-25 12:00:00'),
(13, 394592004, 'Clinical oncology', 1, 'FREE', '2016-06-29 12:30:00', '2016-06-29 12:59:59', '2016-07-25 12:00:00'),
(14, 394592004, 'Clinical oncology', 1, 'FREE', '2016-06-29 13:00:00', '2016-06-29 13:29:59', '2016-07-25 12:00:00'),
(15, 394592004, 'Clinical oncology', 1, 'FREE', '2016-06-29 13:30:00', '2016-06-29 13:59:59', '2016-07-25 12:00:00'),
(16, 408443003, 'General medical practice', 4, 'FREE', '2016-07-03 12:00:00', '2016-06-29 12:59:59', '2016-07-25 12:00:00'),
(17, 408443003, 'General medical practice', 4, 'FREE', '2016-07-03 13:00:00', '2016-06-29 13:59:59', '2016-07-25 12:00:00'),
(18, 408443003, 'General medical practice', 4, 'FREE', '2016-07-03 14:00:00', '2016-06-29 14:59:59', '2016-07-25 12:00:00'),
(19, 408443003, 'General medical practice', 5, 'FREE', '2016-06-30 11:00:00', '2016-06-29 11:59:59', '2016-07-25 12:00:00'),
(20, 408443003, 'General medical practice', 5, 'FREE', '2016-06-30 12:00:00', '2016-06-29 12:59:59', '2016-07-25 12:00:00'),
(21, 408443003, 'General medical practice', 5, 'FREE', '2016-06-30 13:00:00', '2016-06-29 13:59:59', '2016-07-25 12:00:00'),
(22, 408443003, 'General medical practice', 6, 'FREE', '2016-06-29 09:00:00', '2016-06-29 09:59:59', '2016-07-25 12:00:00'),
(23, 408443003, 'General medical practice', 6, 'FREE', '2016-06-29 10:00:00', '2016-06-29 10:59:59', '2016-07-25 12:00:00'),
(24, 408443003, 'General medical practice', 6, 'FREE', '2016-06-29 11:00:00', '2016-06-29 11:59:59', '2016-07-25 12:00:00'),
(25, 408443003, 'General medical practice', 7, 'FREE', '2016-06-29 10:00:00', '2016-06-29 10:59:59', '2016-07-25 12:00:00'),
(26, 408443003, 'General medical practice', 7, 'FREE', '2016-06-29 11:00:00', '2016-06-29 11:59:59', '2016-07-25 12:00:00'),
(27, 408443003, 'General medical practice', 7, 'FREE', '2016-06-29 12:00:00', '2016-06-29 12:59:59', '2016-07-25 12:00:00'),
(28, 408443003, 'General medical practice', 8, 'FREE', '2016-06-29 11:00:00', '2016-06-29 11:59:59', '2016-07-25 12:00:00'),
(29, 408443003, 'General medical practice', 8, 'FREE', '2016-06-29 12:00:00', '2016-06-29 12:59:59', '2016-07-25 12:00:00'),
(30, 408443003, 'General medical practice', 8, 'FREE', '2016-06-29 13:00:00', '2016-06-29 13:59:59', '2016-07-25 12:00:00'),
(31, 408443003, 'General medical practice', 9, 'FREE', '2016-06-29 10:00:00', '2016-06-29 10:59:59', '2016-07-25 12:00:00'),
(32, 408443003, 'General medical practice', 9, 'FREE', '2016-06-29 11:00:00', '2016-06-29 11:59:59', '2016-07-25 12:00:00'),
(33, 408443003, 'General medical practice', 9, 'FREE', '2016-06-29 12:00:00', '2016-06-29 12:59:59', '2016-07-25 12:00:00'),
(34, 408443003, 'General medical practice', 10, 'FREE', '2016-06-29 11:00:00', '2016-06-29 11:59:59', '2016-07-25 12:00:00'),
(35, 408443003, 'General medical practice', 10, 'FREE', '2016-06-29 12:00:00', '2016-06-29 12:59:59', '2016-07-25 12:00:00'),
(36, 408443003, 'General medical practice', 10, 'FREE', '2016-06-29 13:00:00', '2016-06-29 13:59:59', '2016-07-25 12:00:00'),
(37, 408443003, 'General medical practice', 4, 'FREE', '2016-06-30 12:00:00', '2016-06-30 12:59:59', '2016-07-25 12:00:00'),
(38, 408443003, 'General medical practice', 4, 'FREE', '2016-06-30 13:00:00', '2016-06-30 13:59:59', '2016-07-25 12:00:00'),
(39, 408443003, 'General medical practice', 4, 'FREE', '2016-06-30 14:00:00', '2016-06-30 14:59:59', '2016-07-25 12:00:00'),
(40, 408443003, 'General medical practice', 4, 'FREE', '2016-07-01 12:00:00', '2016-07-01 12:59:59', '2016-07-25 12:00:00'),
(41, 408443003, 'General medical practice', 4, 'FREE', '2016-07-01 13:00:00', '2016-07-01 13:59:59', '2016-07-25 12:00:00'),
(42, 408443003, 'General medical practice', 4, 'FREE', '2016-07-01 14:00:00', '2016-07-01 14:59:59', '2016-07-25 12:00:00'),
(43, 408443003, 'General medical practice', 4, 'FREE', '2016-07-02 12:00:00', '2016-07-02 12:59:59', '2016-07-25 12:00:00'),
(44, 408443003, 'General medical practice', 4, 'FREE', '2016-07-02 13:00:00', '2016-07-02 13:59:59', '2016-07-25 12:00:00'),
(45, 408443003, 'General medical practice', 4, 'FREE', '2016-07-02 14:00:00', '2016-07-02 14:59:59', '2016-07-25 12:00:00'),
(46, 408443003, 'General medical practice', 5, 'FREE', '2016-06-30 12:00:00', '2016-06-30 12:59:59', '2016-07-25 12:00:00'),
(47, 408443003, 'General medical practice', 5, 'FREE', '2016-06-30 13:00:00', '2016-06-30 13:59:59', '2016-07-25 12:00:00'),
(48, 408443003, 'General medical practice', 5, 'FREE', '2016-06-30 14:00:00', '2016-06-30 14:59:59', '2016-07-25 12:00:00'),
(49, 408443003, 'General medical practice', 5, 'FREE', '2016-07-01 12:00:00', '2016-07-01 12:59:59', '2016-07-25 12:00:00'),
(50, 408443003, 'General medical practice', 5, 'FREE', '2016-07-01 13:00:00', '2016-07-01 13:59:59', '2016-07-25 12:00:00'),
(51, 408443003, 'General medical practice', 5, 'FREE', '2016-07-01 14:00:00', '2016-07-01 14:59:59', '2016-07-25 12:00:00'),
(52, 408443003, 'General medical practice', 5, 'FREE', '2016-07-02 12:00:00', '2016-07-02 12:59:59', '2016-07-25 12:00:00'),
(53, 408443003, 'General medical practice', 5, 'FREE', '2016-07-02 13:00:00', '2016-07-02 13:59:59', '2016-07-25 12:00:00'),
(54, 408443003, 'General medical practice', 5, 'FREE', '2016-07-02 14:00:00', '2016-07-02 14:59:59', '2016-07-25 12:00:00');

INSERT INTO gpconnect.locations
	(id, name, org_ods_code, org_ods_code_name, site_ods_code, site_ods_code_name, lastUpdated)
VALUES 
	(1, 'Building A', 'ORG111', 'BUILDING A', 'Z33435', 'BUILDING A', '2016-07-25 12:00:00'),
	(2, 'Building B', 'ORG112', 'BUILDING A', 'Z33436', 'BUILDING B', '2016-07-25 12:00:00'),
	(3, 'Building C', 'ORG111', 'BUILDING A', 'Z33437', 'BUILDING C', '2016-07-25 12:00:00'),
	(4, 'Annex A',	  'ORG111', 'BUILDING A', 'Z33437', 'ANNEX A', '2016-07-25 12:00:00'),
	(5, 'Building 5', 'ORG113', 'BUILDING A', 'Z26556', 'ANNEX', '2016-07-25 12:00:00'),
	(6, 'Building 6', 'ORG114', 'BUILDING A', 'Z33433', 'ANNEX', '2016-07-25 12:00:00'),
	(7, 'Building 7', 'ORG115', 'BUILDING A', 'Z12345', 'ANNEX', '2016-07-25 12:00:00'),
	(8, 'Building 8', 'ORG111', 'BUILDING A', 'Z33432', 'ANNEX', '2016-07-25 12:00:00');
